﻿<?xml version="1.0" encoding="utf-8"?><meta xmlns:xsi="http://www.w3.org/2001/XMLSchema-instance" xmlns:xsd="http://www.w3.org/2001/XMLSchema"><project id="6GJVHSr2Sc2" courseid="Associate Survey 2020" thumburl="story_content/thumbnail.jpg" title="Introduction to the BluePearl Associate Survey " datepublished="2020-10-02T00:46:26" version="1.0.0.0" flashdata="story_content/data.swf" html5data="mobile/data.json" mobiledata="mobile/data.gz" enabledownload="false" duration="About 9 minutes" totalaudio="979120" totalvideo="0"><description>Associate Survey 2020</description><keywords /><slidemeta moniker="slide" monikerplural="slides" viewslides="25" slidecountdescription="25 slides" /><author name="Michelle Lyons" email="" website="" /><application name="Articulate Storyline" version="3.43.22859.0" xmlversion="4.0" /></project></meta>